term,estimate,std.error,statistic,p.value,industry_group,observations
automation,-1.3828134534545956e-4,5.93472920240511e-4,-0.23300363104928126,0.8157834611590911,Manufacturing,172274
automation,9.643428553597132e-4,7.507903730371745e-4,1.28443689476019,0.19934880788703016,Services,57709
automation,0.0015243313886868135,0.0018023486958468709,0.8457472142872857,0.39834821330921066,Trade,31091
automation,9.728637052600535e-4,8.814881244709469e-4,1.1036605919608373,0.2712218769094089,Mining,16411
automation,-0.0014988600012107278,0.0014231925141906863,-1.0531674290481148,0.29411820362789864,Transport_Communication,13544
automation,-0.001459554646969887,0.001335515381223109,-1.092877452023936,0.2800177641314006,Construction,5335
automation,6.355477572564998e-4,0.0015819756138697979,0.401743081046512,0.6894299843086151,Other,2457
